FILE_TYPE = CONNECTIVITY;
{Allegro Design Entry HDL 24.1 P001 (4234998) 9/4/2024}
"PAGE_NUMBER" = 1;
0"NC";
1"FPGA_TCK";
2"CLKGEN_IO<10..0>";
3"SFP_DATA_IO<11..0>";
4"VCC3V3\g";
5"VCC3V3\G";
6"GND";
7"GND";
8"GND";
9"VREF_JTAG\G";
10"GND";
11"GND";
12"GND";
13"FPGA_TDO";
14"FPGA_TMS";
15"FPGA_TDI";
16"BP.TMS";
17"BP.TCK";
18"BP.TDO";
19"BP.TDI";
20"LED_1B";
21"GND";
22"AUXIO_P2";
23"AUXIO_P1";
24"GND";
25"UART_TX_FROM_FPGA_3V3";
26"CLK_I2C_SDA";
27"CLK_I2C_SCL";
28"TCK";
29"TMS";
30"TDO";
31"TDI";
32"BP.TCK";
33"BP.TDO";
34"BP.TMS";
35"BP.TDI";
37"BP<180..0>";
36"BP<180..0>";
38"BP.FPGA_GBE_TXN\BASE";
39"BP.DATA_OUT_P<11..0>";
40"SFP.SCL<2..0>";
41"SFP.SDA<2..0>";
42"SFP.TD_N<2..0>";
43"SFP.RD_N<2..0>";
44"SFP.RD_P<2..0>";
45"SFP.LOS<2..0>";
46"SFP.TX_FAULT<2..0>";
47"SFP.RATE_SELECT<2..0>";
48"SFP.TX_DISABLE<2..0>";
50"SFP<29..0>";
49"SFP<29..0>";
51"CLKGEN_CLK_P<1..0>";
52"CLKGEN_RST";
53"CLKGEN_LOL";
54"CLK_I2C_SCL";
55"CLK_SEL1";
56"SFP_DATA_OUT_N<2..0>";
57"SFP_DATA_OUT_P<2..0>";
58"UPSTREAM_DATA_N<2..0>";
59"UPSTREAM_DATA_P<2..0>";
60"BP.FPGA_GBE_RXP\BASE";
61"BP.DATA_IN_N<11..0>";
62"BP.DATA_IN_P<11..0>";
63"BP.DATA_OUT_N<11..0>";
64"BP.FPGA_GBE_TXP\BASE";
65"BP.FPGA_GBE_RXN\BASE";
66"CLK_SEL0";
67"CLK_I2C_SDA";
68"LED_3B";
69"AUXIO_P6";
70"GND";
71"GND";
72"UART_RX_TO_FPGA_3V3";
73"GND";
74"LED_2B";
75"GND";
76"GND";
77"GND";
78"GND";
79"AUXIO_N6";
80"GND";
81"GND";
82"LED_2R";
83"GND";
84"LED_1R";
85"GND";
86"AUXIO_N2";
87"GND";
88"LED_3R";
89"CLKGEN_CLK_N<1..0>";
90"CLKGEN_INTR";
91"SFP.TD_P<2..0>";
92"A1";
93"A2";
94"A0";
%"gnd"
"1","(8800,-5650)","0","mtca_interface_board","135P";
;
CDS_LIB"mtca_interface_board"
HDL_POWER"GND";
"HOTSPOT_0"11;
%"gnd"
"1","(8425,-4675)","2","mtca_interface_board","136P";
;
CDS_LIB"mtca_interface_board"
HDL_POWER"GND";
"HOTSPOT_0"10;
%"portboth-r_1"
"1","(5575,-6725)","0","mtca_interface_board","1P";
;
NAME"SFP<29..0>"
CDS_LIB"mtca_interface_board";
"HOTSPOT_0"
HDL_PORT"INOUT"
PIN_NAME"SFP<29..0>"50,49;
%"r"
"1","(9250,-4725)","0","discrete","298P";
;
VALUE"DNP"
$LOCATION"R74"
CDS_LIB"discrete"
CDS_LOCATION"R74"
JEDEC_TYPE"res0402"
SOURCE_PACKAGE"R"
PART_NUMBER"NO_STUFF"
PART_TYPE"Thick Film"
DESCRIPTION"RES NS 1/10W 0402"
POWER"1/10W"
TOLERANCE"1%"
MPN"NS"
MANUFACTURER"NS"
DISTRIBUTOR_PARTNUMBER"NS"
DISTRIBUTOR"HEP"
ROOM"EEPROM"
SEC"1";
"1"
$PN"1"5;
"2"
$PN"2"94;
%"r"
"1","(9250,-5250)","0","discrete","299P";
;
VALUE"0"
$LOCATION"R73"
CDS_LIB"discrete"
CDS_LOCATION"R73"
JEDEC_TYPE"res0402"
SOURCE_PACKAGE"R"
DATASHEET"C:\EMA\CISQuickStart\Technical_Datasheets\Panasonic\AOA0000CE1.PDF"
DISTRIBUTOR"Digikey"
DISTRIBUTOR_PARTNUMBER"P0.0JTR-ND"
MANUFACTURER"Panasonic"
MPN"ERJ-2GE0R00X"
TOLERANCE"Jumper"
POWER"1/10W"
DESCRIPTION"RES, Thick Film, 0, Jumper, 1/10W, SMD, 0402"
PART_TYPE"Thick Film"
PART_NUMBER"EMA-00007500V42"
ROOM"EEPROM"
SEC"1";
"1"
$PN"1"94;
"2"
$PN"2"11;
%"r"
"1","(9600,-5250)","0","discrete","300P";
;
VALUE"0"
$LOCATION"R77"
CDS_LIB"discrete"
CDS_LOCATION"R77"
JEDEC_TYPE"res0402"
SOURCE_PACKAGE"R"
PART_NUMBER"EMA-00007500V42"
PART_TYPE"Thick Film"
DESCRIPTION"RES, Thick Film, 0, Jumper, 1/10W, SMD, 0402"
POWER"1/10W"
TOLERANCE"Jumper"
MPN"ERJ-2GE0R00X"
MANUFACTURER"Panasonic"
DISTRIBUTOR_PARTNUMBER"P0.0JTR-ND"
DISTRIBUTOR"Digikey"
DATASHEET"C:\EMA\CISQuickStart\Technical_Datasheets\Panasonic\AOA0000CE1.PDF"
ROOM"EEPROM"
SEC"1";
"1"
$PN"1"93;
"2"
$PN"2"11;
%"tvs_2x"
"1","(6300,-5425)","1","ocad_parts_lib","301P";
;
SEC"1"
CLASS"DISCRETE"
MFR_PART_NUMBER"SD05.TCT"
DEVICE"SD05_TCT"
MFR_NAME"Semtech"
CY_PART_"800R-14328"
LASTEDITBY"gir"
REUSE_ANNOTATE"TRUE"
ROOM"JTAG"
PART_NUMBER"PGB1010603NR"
PART_TYPE"Schottky"
RATING"150V"
MPN"PGB1010603NR"
MANUFACTURER"Littelfuse Inc."
DISTRIBUTOR_PARTNUMBER"F3591TR-ND"
DISTRIBUTOR"Digikey"
REUSE_ID"42"
DESCRIPTION"TVS DIODE 24V 150V 0603"
SOURCE_PACKAGE"TVS_2x"
JEDEC_TYPE"D0603"
CDS_LOCATION"D8"
CDS_LIB"ocad_parts_lib"
VALUE"PGB1010603NR"
$LOCATION"D8";
"A"
$PN"2"31;
"K"
$PN"1"12;
%"mt_hole"
"1","(8925,-7025)","1","ocad_parts_lib","304P";
;
VALUE"Mt_Hole"
$LOCATION"MH3"
CDS_LIB"ocad_parts_lib"
CDS_LOCATION"MH3"
JEDEC_TYPE"mounthole"
SOURCE_PACKAGE"Mt_Hole"
REUSE_ID"176"
ROOM"TE0712"
REUSE_ANNOTATE"TRUE"
AVAILABILITY"21 days"
PRICE"0.02"
DISTRIBUTOR"HEP"
DISTRIBUTOR_PARTNUMBER"Mt_Hole"
MANUFACTURER"HEP"
MPN"Mt_Hole"
DESCRIPTION"PCB MOUNT-HOLE PAD200C_128 DRILL"
PART_TYPE"Misc"
PART_NUMBER"Mt_Hole"
SEC"1";
"MH_SIG \B"
$PN"1"6;
%"r"
"1","(6875,-5000)","1","discrete","305P";
;
SEC"1"
REUSE_ANNOTATE"TRUE"
ROOM"JTAG"
DISTRIBUTOR"Digikey"
DISTRIBUTOR_PARTNUMBER"311-24.9LRCT-ND"
MANUFACTURER"Yageo"
MPN"RC0402FR-0724R9L"
TOLERANCE"1%"
POWER"1/10W"
DESCRIPTION"RES SMD 24.9 OHM 1% 1/16W 0402"
PART_TYPE"Thick Film"
PART_NUMBER"311-24.9LRCT-ND"
REUSE_ID"47"
SOURCE_PACKAGE"R"
JEDEC_TYPE"res0402"
CDS_LOCATION"R53"
CDS_LIB"discrete"
VALUE"24.9"
$LOCATION"R53";
"1"
$PN"1"29;
"2"
$PN"2"14;
%"r"
"1","(6875,-5100)","1","discrete","306P";
;
SEC"1"
REUSE_ANNOTATE"TRUE"
ROOM"JTAG"
DISTRIBUTOR"Digikey"
DISTRIBUTOR_PARTNUMBER"311-24.9LRCT-ND"
MANUFACTURER"Yageo"
MPN"RC0402FR-0724R9L"
TOLERANCE"1%"
POWER"1/10W"
DESCRIPTION"RES SMD 24.9 OHM 1% 1/16W 0402"
PART_TYPE"Thick Film"
PART_NUMBER"311-24.9LRCT-ND"
REUSE_ID"44"
SOURCE_PACKAGE"R"
JEDEC_TYPE"res0402"
CDS_LOCATION"R50"
CDS_LIB"discrete"
VALUE"24.9"
$LOCATION"R50";
"1"
$PN"1"30;
"2"
$PN"2"13;
%"mt_hole"
"1","(9375,-7025)","1","ocad_parts_lib","311P";
;
$LOCATION"MH4"
VALUE"Mt_Hole"
CDS_LIB"ocad_parts_lib"
CDS_LOCATION"MH4"
JEDEC_TYPE"mounthole"
SOURCE_PACKAGE"Mt_Hole"
REUSE_ID"173"
ROOM"TE0712"
REUSE_ANNOTATE"TRUE"
PART_NUMBER"Mt_Hole"
PART_TYPE"Misc"
DESCRIPTION"PCB MOUNT-HOLE PAD200C_128 DRILL"
MPN"Mt_Hole"
MANUFACTURER"HEP"
DISTRIBUTOR_PARTNUMBER"Mt_Hole"
DISTRIBUTOR"HEP"
PRICE"0.02"
AVAILABILITY"21 days"
SEC"1";
"MH_SIG \B"
$PN"1"6;
%"tvs_2x"
"1","(6375,-5425)","1","ocad_parts_lib","314P";
;
SEC"1"
CLASS"DISCRETE"
MFR_PART_NUMBER"SD05.TCT"
DEVICE"SD05_TCT"
MFR_NAME"Semtech"
CY_PART_"800R-14328"
LASTEDITBY"gir"
REUSE_ANNOTATE"TRUE"
ROOM"JTAG"
PART_NUMBER"PGB1010603NR"
PART_TYPE"Schottky"
RATING"150V"
MPN"PGB1010603NR"
MANUFACTURER"Littelfuse Inc."
DISTRIBUTOR_PARTNUMBER"F3591TR-ND"
DISTRIBUTOR"Digikey"
REUSE_ID"40"
DESCRIPTION"TVS DIODE 24V 150V 0603"
SOURCE_PACKAGE"TVS_2x"
JEDEC_TYPE"D0603"
CDS_LOCATION"D9"
CDS_LIB"ocad_parts_lib"
VALUE"PGB1010603NR"
$LOCATION"D9";
"A"
$PN"2"30;
"K"
$PN"1"12;
%"24aa025e48t-i/sn"
"1","(8850,-4950)","0","ocad_parts_lib","316P";
;
$LOCATION"U18"
VALUE"24AA025E48T-I/SN"
SEC"1"
ROOM"EEPROM"
DISTRIBUTOR"Digikey"
DISTRIBUTOR_PARTNUMBER"24AA025E48T-I/SNTR-ND"
MANUFACTURER"Microchip Technology"
MPN"24AA025E48T-I/SN"
PSPICE"IC"
DESCRIPTION"IC EEPROM 2K I2C 400KHZ 8SOIC"
PART_TYPE"Memory Devices"
PART_NUMBER"24AA025E48T-I/SN"
SOURCE_PACKAGE"24AA025E48T-I/SN"
JEDEC_TYPE"SOIC8"
CDS_LOCATION"U18"
CDS_LIB"ocad_parts_lib";
"SCL"
$PN"6"27;
"SDA"
$PN"5"26;
"A0"
$PN"1"94;
"A1"
$PN"2"92;
"A2"
$PN"3"93;
"VSS"
$PN"4"11;
"NC"
$PN"7"0;
"VCC"
$PN"8"5;
%"cap_np"
"1","(6425,-4825)","1","ocad_parts_lib","321P";
;
SEC"1"
CLASS"DISCRETE"
LAST_EDIT_BY"SNF"
ALT_SYMBOLS""
REUSE_ANNOTATE"TRUE"
AVAILABILITY"In Stock"
DISTRIBUTOR"Digi-Key"
DISTRIBUTOR_PARTNUMBER"445-7348-2-ND"
MANUFACTURER"TDK CORP"
MPN"C1005X7R1E104K050BB "
PSPICE"C"
DESCRIPTION"CAP 0.1__F __10% 25V Ceramic Capacitor X7R 0402 "
PART_TYPE"Ceramic"
PART_NUMBER"445-7348-2-ND"
ROOM"JTAG"
SOURCE_PACKAGE"CAP_NP"
JEDEC_TYPE"cap0402"
CDS_LOCATION"C103"
CDS_LIB"ocad_parts_lib"
$LOCATION"C103"
VOLTAGE"25V"
VALUE"0.1UF";
"1"
$PN"1"9;
"2"
$PN"2"8;
%"cap_np"
"1","(8650,-4550)","7","ocad_parts_lib","323P";
;
VALUE"0.1UF"
$LOCATION"C66"
VOLTAGE"25V"
CDS_LIB"ocad_parts_lib"
CDS_LOCATION"C66"
JEDEC_TYPE"cap0402"
SOURCE_PACKAGE"CAP_NP"
ROOM"EEPROM"
PART_NUMBER"445-7348-2-ND"
PART_TYPE"Ceramic"
DESCRIPTION"CAP 0.1__F __10% 25V Ceramic Capacitor X7R 0402 "
PSPICE"C"
MPN"C1005X7R1E104K050BB "
MANUFACTURER"TDK CORP"
DISTRIBUTOR_PARTNUMBER"445-7348-2-ND"
DISTRIBUTOR"Digi-Key"
AVAILABILITY"In Stock"
REUSE_ANNOTATE"TRUE"
ALT_SYMBOLS""
LAST_EDIT_BY"SNF"
CLASS"DISCRETE"
SEC"1";
"1"
$PN"1"5;
"2"
$PN"2"10;
%"tvs_2x"
"1","(6450,-5425)","1","ocad_parts_lib","326P";
;
SEC"1"
CLASS"DISCRETE"
MFR_PART_NUMBER"SD05.TCT"
DEVICE"SD05_TCT"
MFR_NAME"Semtech"
CY_PART_"800R-14328"
LASTEDITBY"gir"
REUSE_ANNOTATE"TRUE"
ROOM"JTAG"
PART_NUMBER"PGB1010603NR"
PART_TYPE"Schottky"
RATING"150V"
MPN"PGB1010603NR"
MANUFACTURER"Littelfuse Inc."
DISTRIBUTOR_PARTNUMBER"F3591TR-ND"
DISTRIBUTOR"Digikey"
REUSE_ID"46"
DESCRIPTION"TVS DIODE 24V 150V 0603"
SOURCE_PACKAGE"TVS_2x"
JEDEC_TYPE"D0603"
CDS_LOCATION"D10"
CDS_LIB"ocad_parts_lib"
$LOCATION"D10"
VALUE"PGB1010603NR";
"A"
$PN"2"28;
"K"
$PN"1"12;
%"r"
"1","(9425,-4725)","0","discrete","330P";
;
$LOCATION"R76"
VALUE"DNP"
CDS_LIB"discrete"
CDS_LOCATION"R76"
JEDEC_TYPE"res0402"
SOURCE_PACKAGE"R"
PART_NUMBER"NO_STUFF"
PART_TYPE"Thick Film"
DESCRIPTION"RES NS 1/10W 0402"
POWER"1/10W"
TOLERANCE"1%"
MPN"NS"
MANUFACTURER"NS"
DISTRIBUTOR_PARTNUMBER"NS"
DISTRIBUTOR"HEP"
ROOM"EEPROM"
SEC"1";
"1"
$PN"1"5;
"2"
$PN"2"92;
%"r"
"1","(6875,-5150)","1","discrete","332P";
;
SEC"1"
REUSE_ANNOTATE"TRUE"
ROOM"JTAG"
PART_NUMBER"311-24.9LRCT-ND"
PART_TYPE"Thick Film"
DESCRIPTION"RES SMD 24.9 OHM 1% 1/16W 0402"
POWER"1/10W"
TOLERANCE"1%"
MPN"RC0402FR-0724R9L"
MANUFACTURER"Yageo"
DISTRIBUTOR_PARTNUMBER"311-24.9LRCT-ND"
DISTRIBUTOR"Digikey"
REUSE_ID"38"
SOURCE_PACKAGE"R"
JEDEC_TYPE"res0402"
CDS_LOCATION"R51"
CDS_LIB"discrete"
$LOCATION"R51"
VALUE"24.9";
"1"
$PN"1"31;
"2"
$PN"2"15;
%"r"
"1","(6875,-5050)","1","discrete","336P";
;
SEC"1"
REUSE_ANNOTATE"TRUE"
ROOM"JTAG"
PART_NUMBER"311-24.9LRCT-ND"
PART_TYPE"Thick Film"
DESCRIPTION"RES SMD 24.9 OHM 1% 1/16W 0402"
POWER"1/10W"
TOLERANCE"1%"
MPN"RC0402FR-0724R9L"
MANUFACTURER"Yageo"
DISTRIBUTOR_PARTNUMBER"311-24.9LRCT-ND"
DISTRIBUTOR"Digikey"
REUSE_ID"45"
SOURCE_PACKAGE"R"
JEDEC_TYPE"res0402"
CDS_LOCATION"R48"
CDS_LIB"discrete"
$LOCATION"R48"
VALUE"24.9";
"1"
$PN"1"28;
"2"
$PN"2"1;
%"tvs_2x"
"1","(6525,-5425)","1","ocad_parts_lib","338P";
;
SEC"1"
CLASS"DISCRETE"
MFR_PART_NUMBER"SD05.TCT"
DEVICE"SD05_TCT"
MFR_NAME"Semtech"
CY_PART_"800R-14328"
LASTEDITBY"gir"
DISTRIBUTOR"Digikey"
DISTRIBUTOR_PARTNUMBER"F3591TR-ND"
MANUFACTURER"Littelfuse Inc."
MPN"PGB1010603NR"
RATING"150V"
PART_TYPE"Schottky"
PART_NUMBER"PGB1010603NR"
ROOM"JTAG"
REUSE_ANNOTATE"TRUE"
REUSE_ID"41"
DESCRIPTION"TVS DIODE 24V 150V 0603"
SOURCE_PACKAGE"TVS_2x"
JEDEC_TYPE"D0603"
CDS_LOCATION"D11"
CDS_LIB"ocad_parts_lib"
VALUE"PGB1010603NR"
$LOCATION"D11";
"A"
$PN"2"29;
"K"
$PN"1"12;
%"conn30p"
"1","(4125,-5100)","0","ocad_parts_lib","341P";
;
VALUE"FTSH-115-01-L-DV"
$LOCATION"J4"
JEDEC_TYPE"FTSH-115-01-L-DV"
CDS_LOCATION"J4"
CDS_LIB"ocad_parts_lib"
SEC"1"
PART_NUMBER"FTSH-115-01-L-DV"
SOURCE_PACKAGE"CONN30P";
"1"
$PN"1"4;
"5"
$PN"5"4;
"9"
$PN"9"86;
"2"
$PN"2"24;
"3"
$PN"3"4;
"4"
$PN"4"77;
"6"
$PN"6"23;
"7"
$PN"7"87;
"8"
$PN"8"76;
"10"
$PN"10"22;
"11"
$PN"11"85;
"12"
$PN"12"21;
"13"
$PN"13"84;
"14"
$PN"14"20;
"15"
$PN"15"83;
"16"
$PN"16"75;
"17"
$PN"17"82;
"18"
$PN"18"74;
"19"
$PN"19"81;
"20"
$PN"20"73;
"21"
$PN"21"25;
"22"
$PN"22"72;
"23"
$PN"23"80;
"24"
$PN"24"71;
"25"
$PN"25"79;
"26"
$PN"26"69;
"27"
$PN"27"78;
"28"
$PN"28"70;
"29"
$PN"29"88;
"30"
$PN"30"68;
%"mt_hole"
"1","(8175,-7000)","1","ocad_parts_lib","343P";
;
$LOCATION"MH1"
VALUE"Mt_Hole"
CDS_LIB"ocad_parts_lib"
CDS_LOCATION"MH1"
JEDEC_TYPE"mounthole"
SOURCE_PACKAGE"Mt_Hole"
REUSE_ID"174"
ROOM"TE0712"
REUSE_ANNOTATE"TRUE"
PART_NUMBER"Mt_Hole"
PART_TYPE"Misc"
DESCRIPTION"PCB MOUNT-HOLE PAD200C_128 DRILL"
MPN"Mt_Hole"
MANUFACTURER"HEP"
DISTRIBUTOR_PARTNUMBER"Mt_Hole"
DISTRIBUTOR"HEP"
PRICE"0.02"
AVAILABILITY"21 days"
SEC"1";
"MH_SIG \B"
$PN"1"6;
%"r"
"1","(9600,-4725)","0","discrete","345P";
;
VALUE"DNP"
$LOCATION"R78"
CDS_LIB"discrete"
CDS_LOCATION"R78"
JEDEC_TYPE"res0402"
SOURCE_PACKAGE"R"
DISTRIBUTOR"HEP"
DISTRIBUTOR_PARTNUMBER"NS"
MANUFACTURER"NS"
MPN"NS"
TOLERANCE"1%"
POWER"1/10W"
DESCRIPTION"RES NS 1/10W 0402"
PART_TYPE"Thick Film"
PART_NUMBER"NO_STUFF"
ROOM"EEPROM"
SEC"1";
"1"
$PN"1"5;
"2"
$PN"2"93;
%"mt_hole"
"1","(8525,-7000)","1","ocad_parts_lib","347P";
;
VALUE"Mt_Hole"
$LOCATION"MH2"
CDS_LIB"ocad_parts_lib"
CDS_LOCATION"MH2"
JEDEC_TYPE"mounthole"
SOURCE_PACKAGE"Mt_Hole"
REUSE_ID"175"
ROOM"TE0712"
REUSE_ANNOTATE"TRUE"
PART_NUMBER"Mt_Hole"
PART_TYPE"Misc"
DESCRIPTION"PCB MOUNT-HOLE PAD200C_128 DRILL"
MPN"Mt_Hole"
MANUFACTURER"HEP"
DISTRIBUTOR_PARTNUMBER"Mt_Hole"
DISTRIBUTOR"HEP"
PRICE"0.02"
AVAILABILITY"21 days"
SEC"1";
"MH_SIG \B"
$PN"1"6;
%"7x2recpt_smd_2mm"
"1","(6050,-5050)","0","ocad_parts_lib","349P";
;
SEC"1"
REUSE_ANNOTATE"TRUE"
DISTRIBUTOR"Digikey"
DISTRIBUTOR_PARTNUMBER"WM18641-ND"
MANUFACTURER"Molex Connector Corporation"
MPN"0878321420"
HOUSINGGENDER"Male"
CONTACTGENDER"Male"
DESCRIPTION"CONN HEADER SMD 14POS 2MM"
PART_TYPE"Receptacle"
PART_NUMBER"878321420"
ROOM"JTAG"
REUSE_ID"39"
ORC_SIGNAL_MODEL"ZA8H-24-033-Z-07_B_ZA8H_168_A_(_ZA8H-24-0.33-Z-07"
SOURCE_PACKAGE"7x2RECPT_SMD_2mm"
JEDEC_TYPE"HDR14PINSMD"
CDS_LOCATION"J10"
CDS_LIB"ocad_parts_lib"
$LOCATION"J10"
VALUE"7x2RECPT_SMD_2mm";
"1"
$PN"1"7;
"5"
$PN"5"7;
"9"
$PN"9"7;
"2"
$PN"2"9;
"3"
$PN"3"7;
"4"
$PN"4"29;
"6"
$PN"6"28;
"7"
$PN"7"7;
"8"
$PN"8"30;
"10"
$PN"10"31;
"11"
$PN"11"7;
"12"
$PN"12"0;
"13"
$PN"13"0;
"14"
$PN"14"0;
%"r"
"1","(9425,-5250)","0","discrete","352P";
;
VALUE"0"
$LOCATION"R75"
CDS_LIB"discrete"
CDS_LOCATION"R75"
JEDEC_TYPE"res0402"
SOURCE_PACKAGE"R"
DATASHEET"C:\EMA\CISQuickStart\Technical_Datasheets\Panasonic\AOA0000CE1.PDF"
DISTRIBUTOR"Digikey"
DISTRIBUTOR_PARTNUMBER"P0.0JTR-ND"
MANUFACTURER"Panasonic"
MPN"ERJ-2GE0R00X"
TOLERANCE"Jumper"
POWER"1/10W"
DESCRIPTION"RES, Thick Film, 0, Jumper, 1/10W, SMD, 0402"
PART_TYPE"Thick Film"
PART_NUMBER"EMA-00007500V42"
ROOM"EEPROM"
SEC"1";
"1"
$PN"1"92;
"2"
$PN"2"11;
%"vcc_bar"
"1","(6225,-4725)","0","mtca_interface_board","353P";
;
CDS_LIB"mtca_interface_board"
HDL_POWER"VREF_JTAG";
"HOTSPOT_0"9;
%"portboth-r_1"
"1","(5625,-7700)","0","mtca_interface_board","3P";
;
NAME"BP<180..0>"
CDS_LIB"mtca_interface_board";
"HOTSPOT_0"
HDL_PORT"INOUT"
PIN_NAME"BP<180..0>"37,36;
%"gnd"
"1","(6575,-4875)","0","mtca_interface_board","44P";
;
HDL_POWER"GND"
CDS_LIB"mtca_interface_board";
"HOTSPOT_0"8;
%"gnd"
"1","(5700,-5450)","0","mtca_interface_board","45P";
;
HDL_POWER"GND"
CDS_LIB"mtca_interface_board";
"HOTSPOT_0"7;
%"gnd"
"1","(6575,-5625)","0","mtca_interface_board","46P";
;
HDL_POWER"GND"
CDS_LIB"mtca_interface_board";
"HOTSPOT_0"12;
%"gnd"
"1","(9375,-7225)","0","mtca_interface_board","5P";
;
CDS_LIB"mtca_interface_board"
HDL_POWER"GND";
"HOTSPOT_0"6;
%"vcc_bar"
"1","(9200,-4450)","0","mtca_interface_board","8P";
;
HDL_POWER"VCC3V3"
CDS_LIB"mtca_interface_board";
"HOTSPOT_0"5;
%"BUSWIDE_TOP_LEFT_RIP"
"1","(6025,-6925)","0","default","I371";
;
HDL_TAP"TRUE"
BODY_TYPE"PLUMBING"
CDS_LIB"default";
"WIRE \NWC \NAC"
BN"29..27"47;
"BUNDLE \NWC \NAC"50,49;
%"BUSWIDE_TOP_LEFT_RIP"
"1","(6025,-6975)","0","default","I372";
;
HDL_TAP"TRUE"
BODY_TYPE"PLUMBING"
CDS_LIB"default";
"WIRE \NWC \NAC"
BN"26..24"48;
"BUNDLE \NWC \NAC"50,49;
%"BUSWIDE_TOP_LEFT_RIP"
"1","(6025,-7025)","0","default","I373";
;
HDL_TAP"TRUE"
BODY_TYPE"PLUMBING"
CDS_LIB"default";
"WIRE \NWC \NAC"
BN"23..21"46;
"BUNDLE \NWC \NAC"50,49;
%"BUSWIDE_TOP_LEFT_RIP"
"1","(6025,-7075)","0","default","I374";
;
HDL_TAP"TRUE"
BODY_TYPE"PLUMBING"
CDS_LIB"default";
"WIRE \NWC \NAC"
BN"20..18"45;
"BUNDLE \NWC \NAC"50,49;
%"BUSWIDE_TOP_LEFT_RIP"
"1","(6025,-7125)","0","default","I375";
;
HDL_TAP"TRUE"
BODY_TYPE"PLUMBING"
CDS_LIB"default";
"WIRE \NWC \NAC"
BN"17..15"44;
"BUNDLE \NWC \NAC"50,49;
%"BUSWIDE_TOP_LEFT_RIP"
"1","(6025,-7175)","0","default","I376";
;
HDL_TAP"TRUE"
BODY_TYPE"PLUMBING"
CDS_LIB"default";
"WIRE \NWC \NAC"
BN"14..12"43;
"BUNDLE \NWC \NAC"50,49;
%"BUSWIDE_TOP_LEFT_RIP"
"1","(6025,-7225)","0","default","I377";
;
HDL_TAP"TRUE"
BODY_TYPE"PLUMBING"
CDS_LIB"default";
"WIRE \NWC \NAC"
BN"11..9"91;
"BUNDLE \NWC \NAC"50,49;
%"BUSWIDE_TOP_LEFT_RIP"
"1","(6025,-7275)","0","default","I378";
;
HDL_TAP"TRUE"
BODY_TYPE"PLUMBING"
CDS_LIB"default";
"WIRE \NWC \NAC"
BN"8..6"42;
"BUNDLE \NWC \NAC"50,49;
%"BUSWIDE_TOP_LEFT_RIP"
"1","(6025,-7325)","0","default","I379";
;
HDL_TAP"TRUE"
BODY_TYPE"PLUMBING"
CDS_LIB"default";
"WIRE \NWC \NAC"
BN"5..3"41;
"BUNDLE \NWC \NAC"50,49;
%"BUSWIDE_TOP_LEFT_RIP"
"1","(6025,-7375)","0","default","I380";
;
HDL_TAP"TRUE"
BODY_TYPE"PLUMBING"
CDS_LIB"default";
"WIRE \NWC \NAC"
BN"2..0"40;
"BUNDLE \NWC \NAC"50,49;
%"BUSWIDE_TOP_LEFT_RIP"
"1","(5825,-8000)","0","default","I381";
;
CDS_LIB"default"
BODY_TYPE"PLUMBING"
HDL_TAP"TRUE";
"WIRE \NWC \NAC"
BN"40..29"61;
"BUNDLE \NWC \NAC"37,36;
%"BUSWIDE_TOP_LEFT_RIP"
"1","(5825,-7950)","0","default","I382";
;
CDS_LIB"default"
BODY_TYPE"PLUMBING"
HDL_TAP"TRUE";
"WIRE \NWC \NAC"
BN"52..41"62;
"BUNDLE \NWC \NAC"37,36;
%"BUSWIDE_TOP_LEFT_RIP"
"1","(5825,-7900)","0","default","I383";
;
CDS_LIB"default"
BODY_TYPE"PLUMBING"
HDL_TAP"TRUE";
"WIRE \NWC \NAC"
BN"64..53"63;
"BUNDLE \NWC \NAC"37,36;
%"BUSWIDE_TOP_LEFT_RIP"
"1","(5825,-7850)","0","default","I384";
;
CDS_LIB"default"
BODY_TYPE"PLUMBING"
HDL_TAP"TRUE";
"WIRE \NWC \NAC"
BN"76..65"39;
"BUNDLE \NWC \NAC"37,36;
%"BUS_TOP_LEFT_RIP"
"1","(5825,-8050)","0","default","I385";
;
CDS_LIB"default"
BODY_TYPE"PLUMBING"
HDL_TAP"TRUE";
"BUS_END \NWC \NAC"37,36;
"NET_END \NWC \NAC"
BN"82"38;
%"BUS_TOP_LEFT_RIP"
"1","(5825,-8100)","0","default","I386";
;
CDS_LIB"default"
BODY_TYPE"PLUMBING"
HDL_TAP"TRUE";
"BUS_END \NWC \NAC"37,36;
"NET_END \NWC \NAC"
BN"81"64;
%"BUS_TOP_LEFT_RIP"
"1","(5825,-8150)","0","default","I387";
;
CDS_LIB"default"
BODY_TYPE"PLUMBING"
HDL_TAP"TRUE";
"BUS_END \NWC \NAC"37,36;
"NET_END \NWC \NAC"
BN"80"65;
%"BUS_TOP_LEFT_RIP"
"1","(5825,-8200)","0","default","I388";
;
CDS_LIB"default"
BODY_TYPE"PLUMBING"
HDL_TAP"TRUE";
"BUS_END \NWC \NAC"37,36;
"NET_END \NWC \NAC"
BN"79"60;
%"IOPORT"
"1","(4775,-6850)","0","standard","I389";
;
CDS_LIB"standard"
OFFPAGE"TRUE";
"A"
HDL_PORT"INOUT"
VHDL_PORT"INOUT"3;
%"4 MERGE"
"1","(4000,-6850)","0","standard","I390";
;
BODY_TYPE"PLUMBING"
NEEDS_NO_SIZE"TRUE"
HDL_CONCAT"TRUE"
CDS_LIB"standard";
"A\NWC\NAC"59;
"B\NWC\NAC"58;
"C\NWC\NAC"57;
"D\NWC\NAC"56;
"Y\NWC\NAC"3;
%"IOPORT"
"1","(4725,-7700)","0","standard","I391";
;
CDS_LIB"standard"
OFFPAGE"TRUE";
"A"
VHDL_PORT"INOUT"
HDL_PORT"INOUT"2;
%"9 MERGE"
"1","(4000,-7700)","0","standard","I392";
;
BODY_TYPE"PLUMBING"
NEEDS_NO_SIZE"TRUE"
HDL_CONCAT"TRUE"
CDS_LIB"standard";
"A\NWC\NAC"54;
"B\NWC\NAC"67;
"C\NWC\NAC"66;
"D\NWC\NAC"55;
"E\NWC\NAC"90;
"F\NWC\NAC"53;
"G\NWC\NAC"52;
"H\NWC\NAC"51;
"I\NWC\NAC"89;
"Y\NWC\NAC"2;
%"vcc_bar"
"1","(4750,-4700)","0","mtca_interface_board","I393";
;
HDL_POWER"VCC3V3"
CDS_LIB"mtca_interface_board";
"HOTSPOT_0"4;
%"BUS_TOP_LEFT_RIP"
"1","(5825,-8250)","0","default","I394";
;
CDS_LIB"default"
BODY_TYPE"PLUMBING"
HDL_TAP"TRUE";
"BUS_END \NWC \NAC"37,36;
"NET_END \NWC \NAC"
BN"86"32;
%"BUS_TOP_LEFT_RIP"
"1","(5825,-8300)","0","default","I395";
;
CDS_LIB"default"
BODY_TYPE"PLUMBING"
HDL_TAP"TRUE";
"BUS_END \NWC \NAC"37,36;
"NET_END \NWC \NAC"
BN"85"34;
%"BUS_TOP_LEFT_RIP"
"1","(5825,-8350)","0","default","I396";
;
CDS_LIB"default"
BODY_TYPE"PLUMBING"
HDL_TAP"TRUE";
"BUS_END \NWC \NAC"37,36;
"NET_END \NWC \NAC"
BN"84"33;
%"BUS_TOP_LEFT_RIP"
"1","(5825,-8400)","0","default","I397";
;
CDS_LIB"default"
BODY_TYPE"PLUMBING"
HDL_TAP"TRUE";
"BUS_END \NWC \NAC"37,36;
"NET_END \NWC \NAC"
BN"83"35;
%"SW4INT"
"2","(6500,-4350)","0","cnpassive","I398";
;
$LOCATION"SW?"
TYPE"1571983-4"
CDS_LIB"cnpassive"
HAS_FIXED_SIZE"4B";
"B <3>\NAC"14;
"B <2>\NAC"1;
"A <3>\NAC"16;
"A <2>\NAC"17;
"A <0>\NAC"19;
"B <0>\NAC"15;
"B <1>\NAC"13;
"A <1>\NAC"18;
END.
